{
  "IS": {
    "method": "IS",
    "estimate": 0.0,
    "mean": 0.0,
    "ci_lower": 0.0,
    "ci_upper": 0.0,
    "n_episodes": 1
  },
  "WIS": {
    "method": "WIS",
    "estimate": 0.0,
    "mean": 0.0,
    "ci_lower": 0.0,
    "ci_upper": 0.0,
    "n_episodes": 1
  },
  "FQE": {
    "method": "FQE",
    "estimate": 4.407994747161865,
    "ci_lower": 4.212387561798096,
    "ci_upper": 4.59575080871582
  },
  "DR": {
    "method": "DR",
    "estimate": 313036.32400452794,
    "ci_lower": 313036.32400452794,
    "ci_upper": 313036.32400452794,
    "n_episodes": 1
  }
}