{
  "final_eval": {
    "mean_reward": -12305.664020166645,
    "std_reward": 8580.93020710626,
    "min_reward": -18373.297958499967,
    "max_reward": -170.3961435,
    "median_reward": -18373.297958499967,
    "cvar_5pct": -18373.297958499967,
    "safety_violation_rate": 0.3853339947089947,
    "soc_violations": 3618,
    "total_steps": 12096,
    "n_episodes": 3,
    "mean_ep_length": 4032.0,
    "energy_sold_kwh": 414.1771696666563,
    "energy_bought_kwh": 18.000000000000036,
    "episodes_with_violation": 3
  },
  "stress_tests": {
    "cloud_ramp": {
      "mean_reward": -7049.482593999999,
      "std_reward": 8193.85188547811,
      "min_reward": -17099.852945,
      "max_reward": -355.90236000000186,
      "median_reward": -365.90236000000186,
      "cvar_5pct": -17093.852945,
      "safety_violation_rate": 0.10876056012035644,
      "soc_violations": 3134,
      "total_steps": 43205,
      "n_episodes": 5,
      "mean_ep_length": 8641.0,
      "energy_sold_kwh": 1442.1357589998654,
      "energy_bought_kwh": 143.74999999999886,
      "episodes_with_violation": 5
    },
    "grid_outage": {
      "mean_reward": -18113.26700849998,
      "std_reward": 12320.903499093414,
      "min_reward": -38940.8738474999,
      "max_reward": -155.90235999999948,
      "median_reward": -17129.852945000002,
      "cvar_5pct": -34606.66966699992,
      "safety_violation_rate": 0.22883925471588937,
      "soc_violations": 8451,
      "total_steps": 43205,
      "n_episodes": 5,
      "mean_ep_length": 8641.0,
      "energy_sold_kwh": 2154.22432366646,
      "energy_bought_kwh": 23.99999999999993,
      "episodes_with_violation": 4
    },
    "sensor_dropout": {
      "mean_reward": -11605.68677449998,
      "std_reward": 15335.29210573322,
      "min_reward": -39150.87384749989,
      "max_reward": -365.90236000000186,
      "median_reward": -365.90236000000186,
      "cvar_5pct": -34876.669666999915,
      "safety_violation_rate": 0.2451105196157852,
      "soc_violations": 5510,
      "total_steps": 43205,
      "n_episodes": 5,
      "mean_ep_length": 8641.0,
      "energy_sold_kwh": 1361.0308596664581,
      "energy_bought_kwh": 58.666666666667496,
      "episodes_with_violation": 5
    }
  },
  "training_time_sec": 55.89367628097534
}